{
    "home": {
        "signup": { "xpath": "//a[contains(text(),'Sign up')]" },
        "btnLogin": { "xpath": "//a[contains(.,'Login')]" }
    },
    "loginScreen": {
        "txtEmail": { "xpath": "//input[@name='email']" },
        "txtPassword": { "xpath": "//input[@name='password']" },
        "btnSignup" : { "xpath": "//strong[text()='Sign up']" },
        "btnLogin": { "xpath": "//button[contains(.,'Log In')]" }

    },
    "homeScreen": {
        "ifrHomeScreen": { "xpath": "//iframe[@id='PegaGadget0Ifr']" },
        "btnaddaproperty": { "xpath": "//a[contains(text(),'Add a property')]" },
        "btnAddPropertyNewCustomer": { "xpath": "//img[contains(@name,'AddNewProperty_D_MyPropertyList')]" }
    },
    "addPropertyScreen": {
        "ifrAddProperty": { "xpath": "//iframe[@id='PegaGadget1Ifr']" },
        "txtPropertyAddress": { "xpath": "//*[@id='RULE_KEY']//input[contains(@name,'FullAddress') and @type='text']" },
        "drpSaleType": { "name": "$PNewProperty$pPropertyDetails$pSaleType" },
        "drpContractofSale": { "name": "$PNewProperty$pAreContractsExchanged" },
        "btnGetStarted": { "xpath": "//button[contains(.,'Get Started')]" }

    },

    "homeMenuList": {
        "homeMenu": { "xpath": "//div[text()='Home']" },
        "guidanceMenu": { "xpath": "//div[text()='Guidance']" },
        "profileMenu": { "xpath": "//div[text()='Profile']" },
        "logoffMenu": { "xpath": "//div[text()='Log off']" },
        "activityTab": { "xpath": "//div[@class='header']/h1[text()='Activity']" }
               
    },

    "activityTabList": {
        "activityTab": { "xpath": "//div[@class='header']/h1[text()='Activity']" },
        "teamTab": { "xpath": "//div[@class='header']/h1[text()='Team']" },
        "documentsTab": { "xpath": "//div[@class='header']/h1[text()='Documents']" },
        "guidancePageTitle": { "xpath": "//div[text()='Get Support']" },
        "profilePageTitle": { "xpath": "//div[text()='Profile']" }    
    }
}

